StreetAddress,City,State,Zipcode,Type,Country
1 Alyce Court,Somers,New York,10589-2806,Returning,USA
"1 David Lane, Apt. 2A",Yonkers,New York,10701,New,USA
"1 David Lane, Apt. 4C",Yonkers,New York,10701,New,USA
1 Gina Lane,Bedford,New York,10506,Returning,USA
1 Mulligan Lane,Irvington,New York,10533,New,USA
1 Old Post Road North,Croton on Hudson,New York,10520,Returning,USA
1 Putting Green Path,Southington,Connecticut,6489,Returning,USA
1 Reservoir Road,South Salem,New York,10590-2114,New,USA
"1 Strawberry Hill Court, Apt. 9J",Stamford,Connecticut,6902,New,USA
1 Valley View Drive,Stamford,Connecticut,06903-3839,Returning,USA
10 B Hollow Wood Lane,Greenwich,Connecticut,6831,Returning,USA
10 Brooklands,Bronxville,New York,10708-3523,Returning,USA
10 Clearwater Lane,Pound Ridge,New York,10576-2200,Returning,USA
10 Coburn Road East,Sherman,Connecticut,6784,Returning,USA
10 Elm Court,Mahopac,New York,10541-1540,New,USA
10 Kingswood Way,South Salem,New York,10590,Returning,USA
10 Locust Place,Livingston,New Jersey,7039,Returning,USA
10 Merrick Court,Brewster,New York,10509,New,USA
10 Reality Road,Oxford,Connecticut,6478,New,USA
10 Sunrise Drive,Armonk,New York,10504-1440,Returning,USA
10 Washington Avenue,Ossining,New York,10562,Returning,USA
"100 Diplomat Drive, Apt. 3P",Mount Kisco,New York,10549-2009,New,USA
"100 East Hartsdale Avenue, Apt. 2CW",Hartsdale,New York,10530-3825,Returning,USA
100 Lodge Road,Briarcliff Manor,New York,10510,New,USA
100 Park View Road North,Pound Ridge,New York,10576-1212,Returning,USA
"100 Pinewood Road, Apt. 3A",Hartsdale,New York,10530,New,USA
"100 Riverside Boulevard, Apt. 11E",New York,New York,10069-0416,New,USA
"100 West 94th Street, Apt. 13B",New York,New York,10025,Returning,USA
101 Ledgebrook Drive,Norwalk,Connecticut,06854-1069,Returning,USA
101 Northwood Lane,Stamford,Connecticut,6903,New,USA
101 Stone Bridge Lane,Bedford Hills,New York,10507,Returning,USA
101 Theall Road,Rye,New York,10580-1499,Returning,USA
101 Westchester Avenue,Buchanan,New York,10511,New,USA
"102 Bradhurst Avenue, Apt. 306",New York,New York,10039,New,USA
102 Creekside Road,Mount Kisco,New York,10549,Returning,USA
102 Orchard Hill Lane,Brewster,New York,10509,Returning,USA
1027 Monroe Turnpike,Monroe,Connecticut,6468,New,USA
"103 Gedney Street, Apt. 6C",Nyack,New York,10960,New,USA
"103 Heritage Hills, Unit A",Somers,New York,10589,Returning,USA
103 Todd Road,Katonah,New York,10536-2717,New,USA
104 South Bedford Road,Pound Ridge,New York,10576,New,USA
104 Tonetta Lake Way,Brewster,New York,10509-2918,Returning,USA
105 Prospect Drive,Yonkers,New York,10705,New,USA
105A Heritage Hills,Somers,New York,10589,New,USA
107 Canfield Drive,Stamford,Connecticut,6902,Returning,USA
1078 Route 35,South Salem,New York,10590,New,USA
108 Buttonball Road,Orange,Connecticut,6477,New,USA
108 Orchard Road,Briarcliff Manor,New York,10510,Returning,USA
108 Peaceable Road,Ridgefield,Connecticut,6877,New,USA
108 Village Square,Somers,New York,10589-2305,New,USA
"108-37 71st Avenue, Apt. 8G",Forest Hills,New York,11375,New,USA
1085 Warburton Avenue,Yonkers,New York,10701,New,USA
109 Bouton Road,South Salem,New York,10590,Returning,USA
109 River Street,Sleepy Hollow,New York,10591,Returning,USA
1091 California Road,Eastchester,New York,10709,New,USA
10H Putnam Green,Greenwich,Connecticut,6830,Returning,USA
11 Bayberry Road,Elmsford,New York,10523-1701,New,USA
11 Great Hills Farm Road,Bedford,New York,10506,New,USA
11 Laron Drive,New Rochelle,New York,10804,Returning,USA
11 Morris Road,North Salem,New York,10560,Returning,USA
11 Peaceable Street,Redding,Connecticut,6896,New,USA
11 Serenite Lane,Syosset,New York,11791,Returning,USA
11 Tomahawk Lane,Greenwich,Connecticut,6830,Returning,USA
11 Vreeland Place,Allendale,New Jersey,7401,New,USA
11 Winterberry Court,Peekskill,New York,10566-4153,Returning,USA
11-03 Elaine Terrace,Fair Lawn,New Jersey,7410,New,USA
110 Logging Trail Road,Danbury,Connecticut,6811,Returning,USA
110 Sparrow Lane,Pearl River,New York,10965,New,USA
"110-11 Queens Boulevard, Apt. 33G",Forest Hills,New York,11375-5473,Returning,USA
"110-40 72nd Avenue, Apt. 2C",Forest Hills,New York,11375,New,USA
"111 Cherry Valley Avenue, Apt. M15",Garden City,New York,11530-1577,Returning,USA
111 Kewanee Road,New Rochelle,New York,10804-1303,Returning,USA
111 Lakewood Drive,Stamford,Connecticut,6903,Returning,USA
111 Sunset Road,Mamaroneck,New York,10543,Returning,USA
1119 Cold Spring Road,Fishkill,New York,12524,New,USA
112 Meetinghouse Road,Bedford Corners,New York,10549,New,USA
1121 Sylvan Lane,Mountainside,New Jersey,7092,New,USA
"1122 East Lincoln Avenue, Suite 204",Orange,California,92865,New,USA
"1125 Park Avenue, Apt. 6B",New York,New York,10128-1243,Returning,USA
113 Foggintown Road,Brewster,New York,10509,Returning,USA
1139 Riverbank Road,Stamford ,Connecticut,6903,New,USA
115 Hickory Kingdom Road,Bedford,New York,10506-2012,Returning,USA
116 Brite Avenue,Scarsdale,New York,10583,New,USA
116 Harriman Road,Mount Kisco,New York,10549,Returning,USA
11681 SE Florida Avenue,Hope Sound ,Florida,33455,New,USA
117 Constitution Drive,Orangeburg,New York,10962-2733,Returning,USA
117 Fairways Crescent,Carmel,New York,10512,Returning,USA
1187 Smith Ridge Road,New Canaan,Connecticut,6840,Returning,USA
12 Bonniewood Drive,Mahopac,New York,10541-4901,New,USA
"12 East 97th Street, Apt. 3B",New York,New York,10029,New,USA
12 Glengary Road,Croton on Hudson,New York,10520-2110,Returning,USA
12 Talcott Road,Rye Brook,New York,10573,New,USA
12 Valley Drive,Thiells,New York,10984,New,USA
12 Westway,Hartsdale,New York,10530,New,USA
"120 DeHaven Drive, Apt. 431",Yonkers,New York,10703,Returning,USA
"120 DeHaven Drive, Apt. 431",Yonkers,New York,10703,New,USA
120 Prospect Street Unit 56,Ridgefield,Connecticut,06877-4621,Returning,USA
120 Summit Road,Walnut Creek,California,94598,Returning,USA
"1201 Norfolk Road, Apt. 1T",Mahwah,New Jersey,7430,Returning,USA
1206 Briar Woods Lane,Danbury,Connecticut,6810,New,USA
121 Parry Road,Stamford,Connecticut,6907,New,USA
"122 Palmers Hill Road, Unit 3307",Stamford,Connecticut,6902,Returning,USA
122 Wagner Avenue,Mamaroneck,New York,10543,New,USA
124 Ashland Avenue,Pleasantville,New York,10570,New,USA
124 Knickerbocker Avenue,Stamford,Connecticut,6907,Returning,USA
1248 Rose Lane,Wantagh,New York,11793,New,USA
125 Travers Avenue,Mamaroneck,New York,10543,New,USA
126 Wykagyl Terrace,New Rochelle,New York,10804-3122,Returning,USA
127 Linn Avenue,Yonkers,New York,10705,New,USA
128 Woodbury Avenue,Stamford,Connecticut,6907,New,USA
12819 Cliffe Drive,Philadelphia ,Pennsylvania,19154,New,USA
13 Briar Brae Road,Darien,Connecticut,6820,Returning,USA
13 Deer Run,Rye Brook,New York,10573,New,USA
"13 Foxwood Drive, Apt. 6",Pleasantville,New York,10570,Returning,USA
13 Ole Musket Lane,Danbury,Connecticut,6810,New,USA
13 Orchard Hill Road,Newtown,Connecticut,06470-2225,New,USA
13 Quincy Court,Goldens Bridge,New York,10526-0421,Returning,USA
13 Spring Pond Drive,Ossining,New York,10562-2000,Returning,USA
13 Tucker Street,Danbury,Connecticut,6810,New,USA
13 Winkler Farm Road,Bedford,New York,10506,New,USA
"130 Berkeley Place, Apt. 3",Brooklyn,New York,11217,Returning,USA
130 Brambach Road,Scarsdale,New York,10583,New,USA
133 Meeting House Road,Mount Kisco,New York,10549,Returning,USA
133 Meeting House Road,Mount Kisco,New York,10549,New,USA
135 Mystic Drive,Ossining,New York,10562,New,USA
"136 East 64th Street, Apt. 11E",New York,New York,10065,New,USA
136 Pleasant Avenue,Pleasantville,New York,10570,New,USA
"1365 York Avenue, Apt. 34E",New York,New York,10021-4039,New,USA
"1365 York Avenue, Apt. 8C",New York,New York,10021-4042,Returning,USA
137 Rockne Road,Yonkers,New York,10701,New,USA
138 West Haviland Lane,Stamford,Connecticut,06903-3334,Returning,USA
"138-35 Elder Avenue, PHG",Flushing,New York,11355,New,USA
14 Eighth Avenue,Brooklyn,New York,11217,New,USA
14 Ferris Lane,Bedford,New York,10506-1715,Returning,USA
"14 South Street, Unit 26",Danbury,Connecticut,6810,Returning,USA
14 Stewart Road,South Salem,New York,10590,New,USA
1401 Longview Avenue,Peekskill,New York,10566,Returning,USA
1402 Village Drive,Brewster,New York,10509,New,USA
141 Underhill Road,Ossining ,New York,10562,New,USA
1419 Riverbank Road,Stamford,Connecticut,6903,Returning,USA
142 East Middle Patent Road,Bedford,New York,10506,New,USA
"142 West End Avenue, Apt. 15P",New York,New York,10023-6119,New,USA
"143 Garth Road, Apt. 5E",Scarsdale,New York,10583,Returning,USA
144 Rosewood Drive,Wappingers Falls,New York,12590,Returning,USA
145 Maywood Road,New Rochelle ,New York,10804,New,USA
145 Pipers Hill Road,Wilton,Connecticut,6897,New,USA
145-65 6th Avenue,Whitestone,New York,11357,New,USA
"1450 Palisade Avenue, Apt. 5I",Fort Lee,New Jersey,7024,New,USA
146 Arthur Ave,Thornwood,New York,10594,New,USA
146 Mill Road,Stamford,Connecticut,6903,New,USA
148 Old Kings Highway North,Darien,Connecticut,6820,New,USA
149 Girdle Ridge Road,Katonah,New York,10536-0816,Returning,USA
149 Long Meadow Hill Road,Brookfield,Connecticut,6804,New,USA
149 Riverside Drive,Baltic,Connecticut,6330,New,USA
"15 Chestnut Street, Apt. A6",Rye,New York,10580,New,USA
15 Flintlock Ridge Road,Katonah,New York,10536-2510,Returning,USA
15 Hutchinson Boulevard,Scarsdale,New York,10583,New,USA
15 Kitchel Road,Mount Kisco ,New York,10549,New,USA
15 L Scenic Drive ,Croton on Hudson ,New York,10520,New,USA
15 Lake Drive,Somers,New York,10589-2418,Returning,USA
15 Overlook Road,Ardsley,New York,10502,New,USA
15 Reynolds Lane,Katonah,New York,10536,New,USA
15 Scott Lane,Greenwich,Connecticut,6831,Returning,USA
15 Split Timber Place,Riverside,Connecticut,06878-1021,Returning,USA
15 Wenonah Avenue,Rockaway,New Jersey,7866,Returning,USA
15 Westview Drive,Katonah,New York,10536,New,USA
150 West End Avenue,New York,New York,10023,New,USA
"1500 Palisade Avenue, Apt. 12B",Fort Lee,New Jersey,7024,New,USA
151 Holbrook Lane,Briarcliff Manor,New York,10510,New,USA
1515 Pennsylvania Avenue,Brooklyn,New York,11239,New,USA
1519 Washington Street,Cortlandt Manor,New York,10567,New,USA
152 Manor Place,Great Neck,New York,11020,New,USA
"1530 Palisade Avenue, Apt. 25C",Fort Lee,New Jersey,07024-5418,Returning,USA
155 Birchwood Close,MillwoodChappaqua,New York,10514,Returning,USA
"155 Garth Road, Apt. 2AB",Scarsdale,New York,10583,Returning,USA
155 Jay Court,Cross River,New York,10518-1302,Returning,USA
16 Clairann Drive,Danbury,Connecticut,06811-2807,Returning,USA
16 Dobbs Terrace,Scarsdale,New York,10583,New,USA
"16 Hayestown Road, Unit 2104",Danbury,Connecticut,6811,Returning,USA
16 La Salle Avenue,Cranford,New Jersey,7016,Returning,USA
16 Little Fox Lane,Weston,Connecticut,6883,Returning,USA
"16 Rockledge Avenue, Apt. 7N2",Ossining,New York,10562,Returning,USA
"16 Rockledge Avenue, Apt. 7N2",Ossining,New York,10562,Returning,USA
16 Scenic Lane,Yonkers,New York,10710,Returning,USA
16 Upland Drive,Chappaqua,New York,10514,Returning,USA
"160 Glenbrook Road, Apt. 1A",Stamford,Connecticut,6902,Returning,USA
"1608 Stickney Point Road, Unit 407",Sarasota,Florida,34231,New,USA
"161-08 Jewel Avenue, Apt. 5F",Flushing,New York,11365,New,USA
162 Main Street,South Salem,New York,10590-1207,Returning,USA
162 Old Indians Road,Millton,New York,12547,New,USA
165 Cherry Street,Katonah,New York,10536-1418,Returning,USA
165 Hunter Avenue,Sleepy Hollow,New York,10591-1314,New,USA
165 Merryall Road,New Milford,Connecticut,6776,New,USA
166 Maple Avenue,Mamaroneck,New York,10543,New,USA
169 S. Broadway,Nyack,New York,10960,Returning,USA
17 Central Drive West,Briarcliff Manor,New York,10510,Returning,USA
17 Flintlock Ridge Road,Katonah,New York,10536,Returning,USA
17 North Lake Circle,South Salem,New York,10590,New,USA
17 Thorne Place,Rye,New York,10580,New,USA
"170 East End Avenue, Apt. 6G",New York,New York,10128,Returning,USA
1743 Clover Road,Mohegan Lake,New York,10547,Returning,USA
"175 Bryant Avenue, Apt. 1M",White Plains,New York,10605,New,USA
175 C Long Hill Drive ,Yorktown Heights,New York,10598,New,USA
1759 Maxwell Court,Yorktown Heights,New York,10598-4805,Returning,USA
1761 Highbrook Street,Yorktown Heights,New York,10598,New,USA
177 Steep Hill Road,Weston,Connecticut,6883,Returning,USA
"1775 York Avenue, Apt. 25C",New York,New York,10128,New,USA
178 Elm Street,Cresskill,New Jersey,7626,New,USA
179 Longview Avenue,White Plains,New York,10605,New,USA
18 Blooms Corners Road,Warwick ,New York,10990,New,USA
18 Clearwater Lane,Pound Ridge,New York,10576,New,USA
18 Glendale Road,Ossining,New York,10562,Returning,USA
18 McKinnel Court,Branford,Connecticut,6405,New,USA
18 Michigan Road,Bellerose Village,New York,11001,New,USA
18 Myrtle Avenue,Demarest,New Jersey,7627,Returning,USA
18 Pine Drive,Pound Ridge,New York,10576,New,USA
18 Pleasant Street ,Katonah ,New York,10536,New,USA
18 Twin Lakes Road,South Salem,New York,10590,Returning,USA
18 Whitlockville Road,Katonah,New York,10536,New,USA
"180 East End Avenue, Apt. 7F",New York,New York,10128,Returning,USA
182 Mills Road,North Salem,New York,10560,New,USA
1822 Narragansett Avenue,Bronx,New York,10461,Returning,USA
"1825 Foster Avenue, Apt. 3G",Brooklyn,New York,11230,New,USA
183 Carrollwood Drive,Tarrytown,New York,10591,New,USA
183 Middle Ridge Road,New Canaan,Connecticut,06840-5048,Returning,USA
184 Rowayton Woods Drive,Norwalk,Connecticut,6854,Returning,USA
"1853 Cropsey Avenue, Apt. 4",Brooklyn,New York,11214,New,USA
1889 Hollandale Drive,Bensalem,Pennsylvania,19020,New,USA
19 Annarock Drive,Somers,New York,10589,Returning,USA
19 Aspen Court,Fishkill,New York,12524,Returning,USA
19 Benedict Place,Carmel,New York,10512,New,USA
19 Briarbrook Drive,Briarcliff Manor,New York,10510,Returning,USA
19 Briarbrook Drive,Briarcliff Manor,New York,10510,Returning,USA
19 Stanwich Road,Greenwich,Connecticut,6830,Returning,USA
1901 Saratoga Lane,Fishkill,New York,12524,Returning,USA
1905 22nd Road,Astoria,New York,11105,New,USA
194 Gillies Lane,Norwalk,Connecticut,6854,New,USA
1980 Hunterbrook Road,Yorktown Heights,New York,10598,New,USA
199 Eastwoods Road,Pound Ridge,New York,10576,Returning,USA
2 Brown Avenue,Burlington,Massachusetts,1803,New,USA
"2 Bryant Crescent, Apt. 2I",White Plains,New York,10605,Returning,USA
2 Cliff Drive,Ossining,New York,10562,New,USA
2 Georgetown North,Greenwich,Connecticut,6831,Returning,USA
2 High Ridge Road,Ossining,New York,10562,Returning,USA
"2 Island Hill Avenue, Apt. 7",Ridgefield,Connecticut,6877,New,USA
2 Peppercorn Place,Bedford,New York,10506,New,USA
"2 Putnam Hill, Apt. 2H",Greenwich,Connecticut,6830,Returning,USA
"2 Stoneleigh Plaza, Apt. 6H",Bronxville,New York,10708,Returning,USA
2 Thompson Drive,East Rockaway,New York,11518,New,USA
2 Veronica Court,Cortlandt Manor,New York,10567,New,USA
20 Briar Court,Spring Valley,New York,10977,Returning,USA
20 Flat Rock Drive,Ridgefield,Connecticut,6877,New,USA
20 Gideon Reynolds Road,Cross River,New York,10518,New,USA
20 Grey Rocks Road,Wilton,Connecticut,6897,New,USA
20 Heron Lake Road,Bedford,New York,10506,Returning,USA
20 Hudson Street,Hastings on Hudson,New York,10706,Returning,USA
20 Pondview Close,Chappaqua,New York,10514-3703,New,USA
20 Post Office Road,Waccabuc,New York,10597,Returning,USA
"20 Secor Place, Apt. 5G",Yonkers,New York,10704-3236,Returning,USA
20 Waccabuc River Lane,South Salem,New York,105901116,New,USA
"20 Wildwood Road, Unit B1",Hartsdale,New York,10530,New,USA
20 Wintergreen Lane,Shelton ,Connecticut,6484,New,USA
"200  Beacon Hill Drive, Apt. 1P",Dobbs Ferry,New York,10522,New,USA
"200 High Point Drive, Apt. 103",Hartsdale,New York,10530,New,USA
"200 High Point Drive, Apt. 515",Hartsdale,New York,10530,Returning,USA
200 Katonah Avenue,Katonah,New York,10536,Returning,USA
200 Voorhis Avenue,River Edge,New Jersey,7661,Returning,USA
"201 Brighton 1st Road, Apt. 4F",Brooklyn,New York,11235,Returning,USA
202 Taconic Road,Greenwich,Connecticut,6831,New,USA
204 Transylvania Road,Woodbury,Connecticut,6798,Returning,USA
205 Larson Drive,Danbury,Connecticut,06810-7369,New,USA
206 Clay Hill Road,Stamford,Connecticut,6905,Returning,USA
207 Sandpiper Court,Yorktown Heights,New York,10598,Returning,USA
208 Cascade Road,Stamford,Connecticut,6903,New,USA
209 Sandpiper Court,Yorktown Heights,New York,10598,Returning,USA
209 Woodhampton Drive,White Plains,New York,10603,New,USA
21 Annandale Drive,Chappaqua,New York,10514,New,USA
21 Briar Woods Trail,Stamford,Connecticut,6903,New,USA
"21 Croton Lake Road, Unit 5",Katonah,New York,10536,New,USA
21 John Cross Road,Bedford Corners,New York,10549,Returning,USA
21 Valley Drive West,Yorktown Heights,New York,10598,New,USA
21 Waterbury Way,Pound Ridge,New York,10576,Returning,USA
21-13 Croton Lake Road,Katonah,New York,10536,Returning,USA
211 South Little Tor Road,New City,New York,10956,New,USA
"212 East 47th Street, Apt. 27F",New York,New York,10017,New,USA
2121 Long Ridge Road,Stamford,Connecticut,6903,New,USA
215 Blauvelt Avenue,Ho-Ho-Kus,New Jersey,7423,New,USA
215 Westchester Avenue,Thornwood,New York,10594,New,USA
215 Withy Windle Way,Tamiment,Pennsylvania,18371,New,USA
216 Boulevard,Scarsdale,New York,10583,New,USA
2161 Steinway Street,Astoria,New York,11105-1861,Returning,USA
"217 Newark Avenue, Apt. 512",Jersey City,New Jersey,7302,New,USA
217 Vail Lane,North Salem,New York,10560,Returning,USA
"22 Marble Hill Avenue, Apt. 4I",Bronx,New York,10463,New,USA
22 Tudor Lane,Yonkers,New York,10701,Returning,USA
220 Evandale Road,Scarsdale,New York,10583,New,USA
220 Green Rock Drive,Boulder,Colorado,80302,New,USA
221 Benedict Hill Road,New Canaan,Connecticut,06840-2913,Returning,USA
222 Logan Lane,Mahopac,New York,10541,New,USA
2279 Merrick Avenue,Merrick,New York,11566,New,USA
229 Bedford Banksville Road,Bedford,New York,10506-1918,Returning,USA
229 Pinesbridge Road,Ossining,New York,10562-1429,Returning,USA
23 Amelia Drive,Clark,New Jersey,7066,New,USA
23 Colonial Drive,Katonah,New York,10536,New,USA
23 Cross Pond Road,Pound Ridge,New York,10576,Returning,USA
23 Day Road,Armonk,New York,10504-2409,Returning,USA
23 Fleetwood Drive,Danbury,Connecticut,6810,New,USA
23 Ivy Hill Drive,Smithtown,New York,11787,New,USA
23 Rock Hill Road,Bedford,New York,10506,New,USA
23 Saddle Ridge Road,Pound Ridge,New York,10576,Returning,USA
23 West Main Street,Goldens Bridge,New York,10526-1129,Returning,USA
"230 New Canaan Avenue, Unit 3 ",Norwalk ,Connecticut,6850,New,USA
233 Vivien Court,Paramus,New Jersey,7652,Returning,USA
2391 Hunterbrook Road,Yorktown Heights,New York,10598-3505,Returning,USA
"24 Grant Avenue, Apt. 1",White Plains,New York,10603,New,USA
24 Longview Drive,FIshkill,New York,12524,New,USA
24 Old Village Lane,Katonah,New York,10536,Returning,USA
24 Random Farms Circle,Chappaqua,New York,10514,New,USA
24 Random Farms Circle,Chappaqua,New York,10514,New,USA
24 Saxon Woods Park Drive,White Plains,New York,10605,Returning,USA
24 Stone Hill Road,Bedford,New York,10506,New,USA
24 Sunset Drive,Bedford Hills,New York,10507,Returning,USA
"240 West 98th Street, Apt. 8B",New York,New York,10025,Returning,USA
2403 Kingsway,Carmel,New York,10512,Returning,USA
2410 Maple Avenue,Cortlandt Manor,New York,10567,Returning,USA
245 East 32nd street,new York,New York,10016,New,USA
247 Whipstick Road,Wilton,Connecticut,6897,Returning,USA
247 Wood Street,Mahopac,New York,10541,Returning,USA
"2473 West 2nd Street, 1st Floor",Brooklyn,New York,11223,Returning,USA
"25 Martine Avenue, Apt. 906",White Plains,New York,10606,New,USA
25 Seaview Lane,Port Washington,New York,11050,New,USA
25 Upland Lane,Armonk,New York,10504,Returning,USA
250 Lake Road,Salisbury Mills,New York,12577,New,USA
2501 Canterbury Way,Mount Kisco,New York,10549-2548,Returning,USA
251 Bayview Avenue,Amityville,New York,11701,New,USA
"2521 Palisade Avenue, Apt. 4A",Bronx,New York,10463-6137,New,USA
2559 Gregory Street,Yorktown Heights,New York,10598,New,USA
256 Great Plane Road,Danbury,Connecticut,6811,Returning,USA
26 Barlow Mountain Road,Ridgefield,Connecticut,6877,New,USA
"26 Belden Avenue, Apt. 1444",Norwalk,Connecticut,6850,New,USA
26 Blair Road,Armonk,New York,10504,Returning,USA
26 Meadowcroft Lane,Greenwich,Connecticut,06830-3823,Returning,USA
"260 Garth Road, Apt. 3H4",Scarsdale,New York,10583,Returning,USA
260 Overlook Drive,Greenwich,Connecticut,6830,Returning,USA
"261 Madison Avenue, 28th Floor",New York,New York,10016,New,USA
264 Red Fox Road,Stamford,Connecticut,6903,New,USA
269 Nod Hill Road,Wilton,Connecticut,6897,New,USA
27 Cornish Road,Carmel,New York,10512,Returning,USA
27 Lillian Road,Mahopac,New York,10541-3028,Returning,USA
27 Old Deer Park Road,Katonah,New York,10536-3434,Returning,USA
27 Ross Place,Tappan,New York,10983,New,USA
27 Sherwood Avenue,Pelham,New York,10803,New,USA
27 Slocum Avenue,Tappan,New York,10983,New,USA
27 Troy Lane,Yonkers,New York,10701,New,USA
271 Birch Lane,Irvington,New York,10533,Returning,USA
272 20th Street,Brooklyn,New York,11215,New,USA
272 Chappaqua Road,Briarcliff Manor,New York,10510,New,USA
2731 Hedwig Drive,Yorktown Heights,New York,10598,Returning,USA
274B Heritage Hills,Somers,New York,10589-1202,Returning,USA
"275 Heritage Hills, Unit C",Somers,New York,10589,Returning,USA
276 Maplewood Drive,South Salem,New York,10590,New,USA
279 Nash Road,North Salem,New York,10560,Returning,USA
28 Marion Avenue,Mount Kisco,New York,10549,Returning,USA
28 Old North Stamford Road,Stamford,Connecticut,6905,New,USA
28 Sunrise Avenue,Katonah,New York,10536,Returning,USA
281 Allview Avenue,Brewster,New York,10509-3405,Returning,USA
281 Nod Road,Ridgefield,Connecticut,6877,Returning,USA
"282 Katonah Avenue, Suite 222",Katonah,New York,10536,New,USA
2842 47th Street,Astoria,New York,11103-1208,Returning,USA
"285 South Central Avenue, Apt. F3",Hartsdale,New York,10530,New,USA
29 Brett Lane,Bedford,New York,10506-1710,New,USA
29 Briar Ridge Drive,Bethel,Connecticut,6801,New,USA
29 Buttel Drive,Clifton,New Jersey,7013,Returning,USA
29 Buttonhook Road,Chappaqua,New York,10514,Returning,USA
29 Diamondcrest Lane ,Stamford,Connecticut,6903,New,USA
29 Hickory Road,Katonah,New York,10536,Returning,USA
29 Jordan Lane,Stamford,Connecticut,6903,New,USA
29 North Salem Road,Katonah,New York,10536,Returning,USA
29 Warren Street,Somers,New York,10589,New,USA
2903 Canterbury Way,Mount Kisco,New York,10549,Returning,USA
3 Annes Wood Lane,Mount Kisco,New York,10549,Returning,USA
3 Hemlock Hills,Chappaqua,New York,10514,New,USA
3 Indian Knoll Place,Greenwich,Connecticut,6831,New,USA
3 Old Glen Road ,Morristown,New Jersey,7960,New,USA
3 Old Kings Highway,Old Greenwich,Connecticut,06870-1339,New,USA
3 Silver River Court,Norwalk,Connecticut,6850,New,USA
3 Valley Road,Patterson,New Jersey,7503,New,USA
3 Wilton Hills ,Wilton,Connecticut,6897,New,USA
30 Cumberland Avenue,Great Neck,New York,11020-1402,Returning,USA
30 Lounsbury Road,Croton on Hudson,New York,10520,New,USA
30 Mohawk Drive,Norwalk,Connecticut,6851,New,USA
30 Parkview Court,White Plains,New York,10603,New,USA
30 Washington Circle,New City,New York,10956,Returning,USA
"30-83 Crescent Street, Apt. C1",Astoria,New York,11102,New,USA
"300 Mamaroneck Avenue, Apt. 717",White Plains,New York,10605,New,USA
301 Commons Park South,Stamford,Connecticut,6902,New,USA
"303 East 83rd Street, Apt. 31B",New York,New York,10028,New,USA
303 Mercer Street,New York,New York,10003,Returning,USA
"304 Main Street, Suite 2",Fort Lee,New Jersey,7024,Returning,USA
3041 Hickory Street,Yorktown Heights,New York,10598,New,USA
306 Quaker Road,Chappaqua,New York,10514,New,USA
31 Horseshoe Hill Road West ,Pound Ridge,New York,10576,New,USA
31 Park Avenue,Tarrytown,New York,10591,New,USA
31 Riverview Drive,Fishkill,New York,12524,New,USA
31 Wampus Avenue,Armonk,New York,10504,New,USA
"310 Lexingon Avenue, Apt. 8B",New York,New York,10016,New,USA
"310 Park Place, Apt. 3R",Brooklyn,New York,11238,New,USA
3118 Trinity Street,Oceanside,New York,11572,New,USA
312 Taconic Road,Greenwich,Connecticut,6831,Returning,USA
"312 Webster Avenue, Apt. A5",Brooklyn,New York,11230,New,USA
3125 Poplar street ,Yorktown ,New York,10598,Returning,USA
"315 East 68th Street, Apt. 12K",New York,New York,10065-5692,Returning,USA
32 Candlewood Court,Briarcliff Manor,New York,10510,Returning,USA
32 Evans Knoll,Garrison,New York,10524,New,USA
32 Garibaldi Place,Port Chester,New York,10573-3509,New,USA
32 Hoyt Rd.,Pound Ridge,New York,10576,New,USA
32 Kingswood Drive,Bethel,Connecticut,6801,New,USA
3203 Victoria Drive,Mount Kisco,New York,10549,Returning,USA
321 North Highland Avenue,Ossining,New York,10562,Returning,USA
3250 Sharon Turnpike,Millbrook ,New York,12545,New,USA
33 Claremont Road,Scarsdale,New York,10583-1103,Returning,USA
33 Harrison Street,West Harrison,New York,10604-2517,Returning,USA
33 Hillside Avenue,Katonah,New York,10536,Returning,USA
33 Mystic Drive,Ossining,New York,10562,Returning,USA
33 Raemont Road,Granite Springs,New York,10527,Returning,USA
"33-15 80th Street, Apt. 61",Jackson Heights,New York,11372,New,USA
"330 East 33rd Street, Apt. 10D",New York,New York,10016,Returning,USA
331 Regency Drive,Fishkill,New York,12524,New,USA
"333 West 56th Street, Apt. 8M",New York,New York,10019,New,USA
336 9th Street,Saddle Brook,New Jersey,7663,New,USA
336 Ridgebury Road,Ridgefield,Connecticut,06877-1417,Returning,USA
3401 Victoria Drive,Mount Kisco,New York,10549,Returning,USA
3410 Sturbridge Place,Allentown,Pennsylvania,18104,New,USA
348 Allview Avenue,Brewster,New York,10509,New,USA
3481 Wildwood Street,Yorktown Heights,New York,10598,Returning,USA
"35 Bridge Street, Unit 208",Westport,Connecticut,06880-4947,Returning,USA
"35 Great Jones Street, 6th Floor",New York,New York,10012,New,USA
35 North Chatsworth Avenue,Larchmont,New York,10538,Returning,USA
35 Timberlane Road,Upper Saddle River,New Jersey,7458,New,USA
"350 East 30th Street, Apt. 1H",New York,New York,10016,New,USA
"3533 83rd Street, Apt. D8 ",Jackson Heights,New York,11372,New,USA
355D Heritage Hills,Somers,New York,10589,Returning,USA
36 Bogtown Road,North Salem,New York,10560,New,USA
36 Grand Boulevard,Valhalla,New York,10595,Returning,USA
36 Lyon Ridge Road,Katonah,New York,10536-3715,Returning,USA
36 Pleasant Street,Darien,Connecticut,6820,New,USA
36 Saddle Ridge Road,Pound Ridge,New York,10576,Returning,USA
36 Welwyn Road,Riverside,Connecticut,6878,New,USA
360C Heritage Hills,Somers,New York,10589,Returning,USA
362 Old Sib Road,Ridgefield,Connecticut,6877,New,USA
365 Pine Road,Briarcliff Manor,New York,10510-2238,New,USA
369 Richard Avenue,Staten Island,New York,10309,New,USA
37 Appleby Drive,Bedford,New York,10506,Returning,USA
37 Cedar Road East,Katonah,New York,10536,Returning,USA
37 Deshon Avenue,Bronxville,New York,10708,New,USA
"3725 Henry Hudson Parkway, Apt. 10H",Bronx,New York,10463,New,USA
375 Hudson Street - 6th Floor,New York,New York,10014,New,USA
376 Forest Avenue,New Rochelle,New York,10804,New,USA
376 Route 22,Goldens Bridge,New York,10526,Returning,USA
377 Stanwich Road,Greenwich,Connecticut,6830,New,USA
379C Heritage Hills,Somers,New York,10589,Returning,USA
38 Albemarle Road,White Plains,New York,10605,New,USA
38 Carlton Drive,Mount Kisco,New York,10549,New,USA
38 Cleveland Drive,Croton on Hudson,New York,10520,Returning,USA
38 Court Road,Bedford,New York,10506,Returning,USA
38 Doral Drive,Manhasset,New York,11030,New,USA
38 Farm Hill Road,Ridgefield,Connecticut,6877,New,USA
3805 Eleanor Drive,Mohegan Lake,New York,10547,Returning,USA
"382 7th Avenue, Apt. 3L",Brooklyn,New York,11215,New,USA
385 Cedar Lane,New Canaan,Connecticut,06840-5119,Returning,USA
39 Fayette Road,Scarsdale,New York,10583,Returning,USA
39 High Street,West Harrison,New York,10604,Returning,USA
"39 Village Green, Apt. B",Rhinebeck,New York,12572,New,USA
"398 Oliver Place, Apt. 4B",Bronx,New York,10458,New,USA
399 Long Ridge Road,Bedford,New York,10506-1817,Returning,USA
4 Arcadian Drive,Spring Valley,New York,10977,New,USA
4 Colonial Drive,Katonah,New York,10536,Returning,USA
4 Cross Street,Katonah,New York,10536,New,USA
4 Crossway,Eastchester,New York,10709,New,USA
4 Fuller Road,Ossining,New York,10562,New,USA
4 Hopkins Lane,Armonk,New York,10504,New,USA
4 Laura Court,Cortlandt Manor,New York,10567,Returning,USA
4 Saddle Ridge Road,Pound Ridge,New York,10576,Returning,USA
40 Cochrane Avenue,Hastings on Hudson,New York,10706,Returning,USA
40 Deerfield Road,Pound Ridge,New York,10576,New,USA
40 Devonshire Drive,White Plains,New York,10605,Returning,USA
40 Gleneida Avenue,Carmel,New York,10512,New,USA
40 Parade Hill Lane,New Canaan,Connecticut,6840,Returning,USA
40 Warren Street,Hastings-on-Hudson,New York,10706,Returning,USA
"40 West 135th Street, Apt. 3R",New York,New York,10037,Returning,USA
402 South Lexington Avenue,White Plains,New York,10606,New,USA
404 Whippoorwill Road,Chappaqua,New York,10514,Returning,USA
406C Heritage Hills,Somers,New York,10589,New,USA
407 Furnace Dock Road,Cortlandt Manor,New York,10567,Returning,USA
408 Cody Drive,Melville,New York,11747,Returning,USA
41 Cherry Ridge Road,Katonah,New York,10536,Returning,USA
41 Crescent Avenue,Rye,New York,10580,New,USA
"41 Heritage Hills, Unit A",Somers,New York,10589-1233,Returning,USA
41 Jefferson Road,Scarsdale,New York,10583,Returning,USA
41 Linden Lane,Bedford Corners,New York,10549,Returning,USA
41 Linden Road,Bedford Corners,New York,10549,New,USA
41 Manchester Road,Eastchester,New York,10709,New,USA
41 Seminary Hill Road,Carmel,New York,10512,New,USA
414 Riverside Avenue,Westport,Connecticut,6880,New,USA
"415 East 52nd Street, Apt. 5AA",New York,New York,10022,New,USA
415 Spring Drive,Yorktown Heights,New York,10598,New,USA
415 Toni Lane,Mamaroneck,New York,10543,New,USA
417 Halliwell Drive,Stamford,Connecticut,6902,New,USA
42 Florence Avenue,Dobbs Ferry,New York,10522,Returning,USA
42 Iroquois Road,Ossining,New York,10562,New,USA
42 Manchester Drive,Mount Kisco,New York,10549,Returning,USA
"42 North High Street, Apt. 2",Tuckahoe,New York,10707,Returning,USA
"427 Bedford Road, Suite 210",Pleasantville,New York,10570,New,USA
43 Bouton Road,South Salem,New York,10590,New,USA
43 Chadwick Road,White Plains,New York,10604,Returning,USA
43 Henry Street,Scarsdale,New York,10583,New,USA
43 Windmill Road,Armonk,New York,10504,Returning,USA
4312 Kendal Way,Sleepy Hollow,New York,10591,Returning,USA
"435 West 23rd Street, Apt. 4A",New York,New York,10011,Returning,USA
438 Sheffield Road,Ridgewood,New Jersey,7450,New,USA
439 Underhill Avenue,Yorktown Heights,New York,10598,Returning,USA
44 Butler Hill Road,Somers,New York,10589,New,USA
44 Hoyt Road,Pound Ridge,New York,10576,Returning,USA
44 Jefferson Road,Scarsdale,New York,10583,New,USA
44 Lily Pond Lane,Katonah,New York,10536,Returning,USA
44-1 Foxwood Drive,Pleasantville ,New York,10570,New,USA
4410 Kendal Way,Sleepy Hollow,New York,10591-1072,New,USA
446 Brookside Road,New Canaan,Connecticut,06840-6921,Returning,USA
45 Benedict Avenue,Tarrytown,New York,10591,New,USA
45 Cousins Road,Stamford,Connecticut,06903-3431,Returning,USA
"45 East Hartsdale Avenue, Apt. 3D",Hartsdale,New York,10530-2748,Returning,USA
45 Green Tree Road,Tonawanda,New York,14150,New,USA
45 Heatherdell Road,Ardsley,New York,10502,New,USA
45 Old Post Road,Bedford Corners,New York,10549,New,USA
"457 FDR Drive, Apt. A801",New York,New York,10002,New,USA
46 Kingston Avenue,West Harrison,New York,10604,Returning,USA
46 Park Drive,Chappaqua,New York,10514-3127,Returning,USA
46 Vaneck Drive,New Rochelle,New York,10804-1204,Returning,USA
"461 Riverdale Avenue, Apt. 5H",Yonkers,New York,10705,New,USA
47 Driftwood Drive,Somers,New York,10589,New,USA
47 Oak Street,Harrison,New York,10528-4149,Returning,USA
47 Sunset Lane,Croton on Hudson,New York,10520-3321,Returning,USA
47 Village Gate Way,Nyack,New York,10960,New,USA
471 Swanson Drive,Thornwood,New York,10594,New,USA
"4720 Center Boulevard, Apt. 406",Long Island City,New York,11109,New,USA
4730 Sandia Drive,Los Alamos,New Mexico,87544,New,USA
479 Roxbury Road,Stamford,Connecticut,6902,Returning,USA
48 Hillside Ave,New Rochelle,New York,10801-1609,New,USA
48 Sargent Road,Scarsdale,New York,10583-4837,Returning,USA
48 West W 68th Street Apt. 1F,New York,New York,10023,New,USA
483 Old Post Road,Bedford,New York,10506,New,USA
"484 Heritage Hills, Unit C",Somers,New York,10589-4042,Returning,USA
49 Georgetown Road,Weston,Connecticut,06883-1024,Returning,USA
5 Atkins Court,Carmel,New York,10512,New,USA
5 Catherine Place,Katonah,New York,10536,New,USA
5 Heather Lane,White Plains,New York,10605,New,USA
5 Kniffen Road,Katonah,New York,10536,Returning,USA
5 Phillips Lane,Darien,Connecticut,6820,New,USA
5 Saint Marys Lane,Norwalk,Connecticut,6851,New,USA
5 Sunset Drive,Armonk,New York,10504,New,USA
5 Talcott Road,Rye Brook,New York,10573,New,USA
"5 Tanglewylde Avenue, Apt. 3E",Bronxville,New York,10708,Returning,USA
5 Waccabuc Road,Goldens Bridge,New York,10526,New,USA
5 Ward Place,Ossining,New York,10562,New,USA
5 Ziggy Court,Monroe,New York,10950,New,USA
50 DeLeo Drive,Stamford,Connecticut,06906-1006,Returning,USA
50 East Hill Road,Cortlandt Manor,New York,10567,New,USA
50 Maple Avenue,Fishkill,New York,12524,New,USA
50 Pine Trail,Carmel,New York,10512,New,USA
50 Popham Road,Scarsdale,New York,10583,New,USA
50 Saddle Hill Road,Stamford,Connecticut,6903,New,USA
51 Dutch Hollow Drive,Orangeburg,New York,10962,New,USA
51 Laurel Drive,Mount Kisco,New York,10549,New,USA
51 Mountain Road,Redding,Connecticut,6896,Returning,USA
51 Old Highway,Wilton,Connecticut,6897,Returning,USA
51 Old Stone Hill Road,Pound Ridge,New York,10576,New,USA
51 Otsego Street,Yonkers,New York,10704,New,USA
51 Parkway,Katonah,New York,10536-1528,Returning,USA
51 Regent Court,Stamford,Connecticut,06907-1425,Returning,USA
51 Watts Place,Lynbrook,New York,11563,Returning,USA
52 Broadway,New York,New York,10004,New,USA
52 Joanna Way,Short Hills,New Jersey,7078,New,USA
52 West Lane,Pound Ridge,New York,10576,New,USA
5231 Chevy Chase Parkway NW,Washington,District of Columbia,20015,New,USA
"528 Main Street, Apt. B",Beacon,New York,12508,Returning,USA
53 Clinton Avenue,Ossining,New York,10562-4425,New,USA
53 Park Avenue,Caldwell,New Jersey,7006,New,USA
53 Tanglewood Lane,Stamford,Connecticut,6903,New,USA
530 River Road,Cos Cob,Connecticut,6807,Returning,USA
534 Third Street,Mamaroneck,New York,10543,New,USA
"535 East 86th Street, Apt. 2C",New York,New York,10028,Returning,USA
536 Stevens Avenue ,Ridgewood,New Jersey,7450,New,USA
"54 East 8th Street, Apt. 6G",New York,New York,10003-6526,Returning,USA
54 Ferncroft Park,Ramsey,New Jersey,07446-2575,Returning,USA
541 Forest Drive,Neptune,New Jersey,7753,Returning,USA
"5424 Arlington Avenue, Apt. H23",Bronx,New York,10471,New,USA
543 Hoyt Street,Darien,Connecticut,6820,New,USA
"55 Central Park West, Apt. 13F/G",New York,New York,10023,Returning,USA
55 Cox Avenue,Yonkers,New York,10704,New,USA
55 Glendale Road,Ossining,New York,10562-1607,Returning,USA
55 Grandview Avenue,White Plains,New York,10605,Returning,USA
55 Maple Road,Brewster,New York,10509,Returning,USA
"55 Thompson Street, Apt. 6C",New York,New York,10012,New,USA
550 Ridgebury Road,Ridgefield,Connecticut,6877,New,USA
"550 West 158th Street, Apt. 1F",New York,New York,10032,New,USA
554 Munroe Avenue,Sleepy Hollow,New York,10591,New,USA
56 Rambling Brook Road,Chappaqua,New York,10514-3730,New,USA
5623 Post Road,Bronx,New York,10471,New,USA
567C Heritage Hills,Somers,New York,10589,New,USA
"570 Heritage Hills, Unit A",Somers,New York,10589,Returning,USA
"5700 Arlington Avenue, Apt. 17P",Riverdale,New York,10471,New,USA
580 Colonial Avenue,Pelham,New York,10803,Returning,USA
580 Colonial Avenue,Pelham,New York,10803,New,USA
"5800 Arlington Avenue, Apt. 17K",Bronx,New York,10471,Returning,USA
581 Bullet Hole Road,Patterson,New York,12563,Returning,USA
5827 Fieldston Road,Bronx,New York,10471,Returning,USA
59 Barnes Road,Stamford,Connecticut,6902,New,USA
59 Chatfield Street,Stamford,Connecticut,6907,New,USA
59 Hidden Pheasant Path,Wading River ,New York,11792,New,USA
59 South Lilburn Drive,Garnerville,New York,10923,Returning,USA
"590 West 152nd Street, Apt. A",New York,New York,10031,New,USA
594 Old Post Road,Bedford,New York,10506,Returning,USA
595 Madison Court,Yorktown Heights,New York,10598,New,USA
"597 Westport Avenue, Apt. C555",Norwalk,Connecticut,6851,Returning,USA
6 Batten Road,Croton on Hudson,New York,10520,Returning,USA
6 Center Street,Cornwall,New York,12518,New,USA
6 Little Bear Drive,Yorktown Heights,New York,10598,Returning,USA
6 Marshall Court,Somers,New York,10589,Returning,USA
6 Shady Road,Ardsley,New York,10502,Returning,USA
6 Willard Avenue,Pocantico Hills,New York,10591,New,USA
6 Windingwood Road North,Rye Brook,New York,10573,New,USA
6 Winterberry Lane,Ridgefield,Connecticut,6877,New,USA
60 Commodore Road,Chappaqua,New York,10514,Returning,USA
60 Mill Road,Stamford,Connecticut,6903,New,USA
60 Mill Road,Stamford,Connecticut,6903,New,USA
600 Main Street,Hartford,Connecticut,6103,New,USA
600 Main Street,Hartford,Connecticut,6103,New,USA
61 Maple Hill Drive,Mahopac,New York,10541,Returning,USA
61-50 Little Neck Parkway,Little Neck,New York,11362,New,USA
617 The Parkway,Mamaroneck,New York,10543,New,USA
619 South Maple Avenue,Glen Rock,New Jersey,7452,New,USA
62 Mystic Drive,Ossining,New York,10562,Returning,USA
62 Mystic Drive,Ossining,New York,10562,Returning,USA
"62 West 84th Street, Apt. 1",New York,New York,10024,New,USA
"628 East 20th Street, Apt. 7-H",New York,New York,10009,Returning,USA
63 Quorn Hunt Road,West Simsbury,Connecticut,6092,New,USA
634 Douglas Road,Chappaqua,New York,10514,New,USA
638-25 Danbury Road,Ridgefield,Connecticut,6877,New,USA
64 Ridge Road,New Rochelle,New York,10804,Returning,USA
"64 Sagamore Road, Apt. D6",Bronxville,New York,10708,New,USA
644 Fair Street,Carmel,New York,10512,Returning,USA
644 Harris Road,Bedford Hills,New York,10507,Returning,USA
647 Westover Road,Stamford,Connecticut,6902,Returning,USA
648 Erin Court,Ossining,New York,10562,New,USA
65 Chapel Street,Garnerville,New York,10923,New,USA
65 Salem Road,Pound Ridge,New York,10576,Returning,USA
652 West 23rd Street,New York,New York,10032,New,USA
"66 Longmeadow Road, Apt. 4",Amherst,New York,14226,New,USA
665 Fifth Avenue,New York,New York,10022,New,USA
67 Lakeside Drive,Katonah,New York,10536,Returning,USA
67 South Bedford Road,Pound Ridge,New York,10576,New,USA
67 Winterberry Circle,Cross River,New York,10518,Returning,USA
67-66 108th Street ,Forest Hills,New York,11375,Returning,USA
671B Heritage Hills,Somers,New York,10589,New,USA
674 River Road,Cos Cob,Connecticut,6807,Returning,USA
"68 Foxwood Drive, Apt. 3",Pleasantville  ,New York,10570,New,USA
68 Pine Avenue,Ossining,New York,10562-3736,Returning,USA
68 Woodland Road,New Canaan,Connecticut,6840,Returning,USA
69 Old Bedford Road,Goldens Bridge,New York,10526,New,USA
69 Tompkins Avenue,Hastings on Hudson,New York,10706,New,USA
697 West End Avenue,New York,New York,10025,New,USA
7 Alder Way,Armonk,New York,10504-1337,Returning,USA
7 Boulder Run Road,Paterson,New Jersey,7501,New,USA
7 Creamer Hill Road,Greenwich,Connecticut,6831,Returning,USA
7 Front Street,Schenectady,New York,12305,Returning,USA
7 Hilltop Drive,Cortlandt Manor,New York,10567,New,USA
7 Old Katonah Drive,Katonah,New York,10536,Returning,USA
7 Park Road,Scarsdale,New York,10583,Returning,USA
7 Reimer Road ,Westport,Connecticut,6880,New,USA
7 Scott Lane,Greenwich,Connecticut,06831-2822,Returning,USA
"7 Wildwood Road, Unit 18",Katonah,New York,10536,New,USA
70 Elm Avenue,Ramsey,New Jersey,7446,New,USA
70 Horseshoe Hill Road,Pound Ridge,New York,10576,New,USA
70 Maywood Road,New Rochelle,New York,10804-4728,New,USA
"70 Oceana Drive West, Apt. 5D",Brooklyn,New York,11235,Returning,USA
"70 West Street, Apt. C-13",Harrison,New York,10528,New,USA
700 Croton Lake Road,Yorktown Heights,New York,10598,New,USA
706 Village Drive,Brewster,New York,10509,New,USA
71 Ashford Drive,Syosset,New York,11791,New,USA
71 Flat Rock Drive,Ridgefield,Connecticut,6877,New,USA
71 Hancock Avenue,Yonkers,New York,10705,New,USA
71 Warrington Round,Danbury,Connecticut,6810,Returning,USA
711 Old Post Road,Mamaroneck,New York,10543,New,USA
719 Old Post Road,Bedford,New York,10506,New,USA
72 Kennedy Place,Yonkers,New York,10707,New,USA
73 Cottage Terrace,Bedford Hills,New York,10507,Returning,USA
73 Nod Road,Ridgefield,Connecticut,06877-5810,Returning,USA
73 Thistle Lane,Hopewell Junction,New York,12533,New,USA
73 Trout Brook Road,Monroe,New York,10950,Returning,USA
"730 West Broadway, Apt. 3H",Long Beach,New York,11561,New,USA
737 Pope's Island Road,Milford,Connecticut,6461,Returning,USA
74 Byram Ridge Road,Armonk,New York,10504,New,USA
74 Overlook Drive,New Canaan,Connecticut,6840,New,USA
748 Long Hill Road West,Briarcliff Manor,New York,10510,Returning,USA
"75 East End Avenue, Apt. 4G",New York,New York,10028,Returning,USA
75 Paine Avenue,New Rochelle,New York,10804,Returning,USA
752 Union Valley Road,Mahopac,New York,10541,Returning,USA
752B McCord Street,West Hampton Beach,New York,11978,New,USA
76 Tucker Street,Danbury,Connecticut,6810,New,USA
763B Heritage Hills,Somers,New York,10589-4014,Returning,USA
"77 Carpenter Avenue, Apt. 2L",Mount Kisco,New York,10549-2422,Returning,USA
77 Cross Pond Road,Pound Ridge,New York,10576,New,USA
77 West Devonia Avenue,Mount Vernon,New York,10552,New,USA
"786 Palmer Road, Apt. 2D",Bronxville,New York,10708,New,USA
8 Archer Road,Harrison,New York,10528,New,USA
8 Barstow Road,Great Neck,New York,11021,New,USA
8 Eunice Court,Tarrytown,New York,10591,New,USA
8 Guilford Circle,Goldens Bridge,New York,10526,Returning,USA
8 Harborfields Court,Greenlawn,New York,11740,New,USA
8 Lisa Court,New City,New York,10956,New,USA
"8 Norden Place, Apt. 448",Norwalk,Connecticut,6855,New,USA
8 Perry Street,Cortlandt Manor,New York,10567,Returning,USA
80 Byram Ridge Road,Armonk,New York,10504,Returning,USA
80 Cedar Road,Katonah,New York,10536,Returning,USA
80 Chestnut Ridge Road,Mount Kisco,New York,10549,New,USA
80 Holmes Road,Ridgefield,Connecticut,6877,New,USA
"800 Red Mills Road, Apt. B31",Wallkill,New York,12589,New,USA
803 Newport Drive,Ramsey,New Jersey,7446,Returning,USA
805 Ruth Street,Bridgeport,Connecticut,6606,Returning,USA
806 Half Moon Bay Drive,Croton on Hudson,New York,10520,Returning,USA
81 Hemlock Hill Road,New Canaan,Connecticut,6840,New,USA
81 Indian Cave Road,Ridgefield,Connecticut,06877-5806,Returning,USA
81 Indian Cave Road,Ridgefield,Connecticut,06877-5806,New,USA
811 Lorena Street,Mamaroneck,New York,10543,New,USA
812B Heritage Hills,Somers,New York,10589,Returning,USA
82 Sherwood Drive,Ramsey,New Jersey,7446,New,USA
"820 West End Avenue, Apt. 3B",New York,New York,10025,New,USA
"821 Bronx River Road, Apt. 1I",Bronxville,New York,10708,New,USA
8227 Grenfell Street,Kew Gardens,New York,11415,New,USA
"829 Bronx River Road, Apt. 3C",Bronxville,New York,10708,Returning,USA
83 Comstock Hill Road,Norwalk,Connecticut,6850,New,USA
83 Laurel Ledge Road,Stamford,Connecticut,6903,Returning,USA
833A Heritage Hills,Somers,New York,10589,Returning,USA
84 Brookside Drive,Greenwich,Connecticut,06831-5345,New,USA
84 East Middle Patent Road,Bedford,New York,10506-2107,Returning,USA
84 Todd Road,Katonah,New York,10536,New,USA
85 Manor Road,Ridgefield,Connecticut,6877,New,USA
850 Riverbank Road,Stamford,Connecticut,6903,New,USA
"853 Heritage Hills, Unit B",Somers,New York,10589,New,USA
856B Heritage Hills,Somers,New York,10589,Returning,USA
87 Locust Ridge,Cross River,New York,10518-1304,Returning,USA
88 Hillside Avenue,Milford,Connecticut,6460,New,USA
88 Peckham Avenue,Islip,New York,11751,New,USA
88 Richmond Hill Road,Greenwich,Connecticut,6831,Returning,USA
888 Washington Blvd.,Stamford,Connecticut,06901-2902,New,USA
89 Fowler Avenue,Yonkers,New York,10701,New,USA
89 Ruscoe Road,Wilton,Connecticut,06897-1425,Returning,USA
897 Franklin Lake Road,Franklin Lake,New Jersey,6717,New,USA
9 Deerfield Lane,Katonah,New York,10536,New,USA
9 Oak Place,Croton on Hudson,New York,10520,New,USA
9 Oregon Road,Bedford Corners,New York,10549,Returning,USA
9 Osborne Road,Poughkeepsie,New York,12601,Returning,USA
9 Valerie Lane,Danbury,Connecticut,6811,New,USA
90 Roberton Crossing,Fairfield,Connecticut,6825,New,USA
902 Holly Stream Court,Brewster,New York,10509-2646,Returning,USA
92 Barmore Drive West,Stamford,Connecticut,6905,New,USA
94 Hillair Circle,White Plains,New York,10605-4923,Returning,USA
940 Reynolds Street,Peekskill,New York,10566,New,USA
941 Ponus Ridge Road,New Canaan,Connecticut,6840,Returning,USA
95 West Crescent Avenue,Ramsey,New Jersey,7446,New,USA
957 Howe Avenue,Shelton,Connecticut,6484,New,USA
96 Havemeyer Lane,Old Greenwich,Connecticut,6870,Returning,USA
969E Heritage Hills,Somers,New York,10589-3119,Returning,USA
97 Lyon Ridge Road,Katonah,New York,10536,New,USA
976 Ringwood Avenue,Haskell,New Jersey,7420,New,USA
98 Tulip Street,Summit,New Jersey,07901-3413,New,USA
99 High Ridge Road,Pound Ridge,New York,10576,New,USA
"99 Jane Street, Apt. 9D",New York,New York,10014,New,USA
